-- phpMyAdmin SQL Dump
-- version 4.0.10deb1
-- http://www.phpmyadmin.net
--
-- Servidor: localhost
-- Tiempo de generación: 27-04-2016 a las 14:04:56
-- Versión del servidor: 5.5.46-0ubuntu0.14.04.2
-- Versión de PHP: 5.5.9-1ubuntu4.14

SET SQL_MODE = "NO_AUTO_VALUE_ON_ZERO";
SET time_zone = "+00:00";


/*!40101 SET @OLD_CHARACTER_SET_CLIENT=@@CHARACTER_SET_CLIENT */;
/*!40101 SET @OLD_CHARACTER_SET_RESULTS=@@CHARACTER_SET_RESULTS */;
/*!40101 SET @OLD_COLLATION_CONNECTION=@@COLLATION_CONNECTION */;
/*!40101 SET NAMES utf8 */;

--
-- Base de datos: `yii_2`
--

-- --------------------------------------------------------

--
-- Estructura de tabla para la tabla `auth_assignment`
--

CREATE TABLE IF NOT EXISTS `auth_assignment` (
  `item_name` varchar(64) COLLATE utf8_unicode_ci NOT NULL,
  `user_id` int(11) NOT NULL,
  `created_at` int(11) DEFAULT NULL,
  PRIMARY KEY (`item_name`,`user_id`),
  KEY `user_id` (`user_id`)
) ENGINE=InnoDB DEFAULT CHARSET=utf8 COLLATE=utf8_unicode_ci;

--
-- Volcado de datos para la tabla `auth_assignment`
--

INSERT INTO `auth_assignment` (`item_name`, `user_id`, `created_at`) VALUES
('adminUser', 1, NULL),
('download-files', 2, NULL),
('superUser', 3, NULL);

-- --------------------------------------------------------

--
-- Estructura de tabla para la tabla `auth_item`
--

CREATE TABLE IF NOT EXISTS `auth_item` (
  `name` varchar(64) COLLATE utf8_unicode_ci NOT NULL,
  `type` int(11) NOT NULL,
  `description` text COLLATE utf8_unicode_ci,
  `rule_name` varchar(64) COLLATE utf8_unicode_ci DEFAULT NULL,
  `data` text COLLATE utf8_unicode_ci,
  `created_at` int(11) DEFAULT NULL,
  `updated_at` int(11) DEFAULT NULL,
  PRIMARY KEY (`name`),
  KEY `rule_name` (`rule_name`),
  KEY `idx-auth_item-type` (`type`)
) ENGINE=InnoDB DEFAULT CHARSET=utf8 COLLATE=utf8_unicode_ci;

--
-- Volcado de datos para la tabla `auth_item`
--

INSERT INTO `auth_item` (`name`, `type`, `description`, `rule_name`, `data`, `created_at`, `updated_at`) VALUES
('access-rbac', 1, 'allow access total rbac', NULL, NULL, NULL, NULL),
('adminUser', 1, 'access total frontend', NULL, NULL, NULL, NULL),
('create-folders', 1, 'allow create folders', NULL, NULL, NULL, NULL),
('create-users', 1, 'allow create users', NULL, NULL, NULL, NULL),
('delete-persons', 1, 'allow delete persons', NULL, NULL, NULL, NULL),
('download-files', 1, 'allow download files', NULL, NULL, NULL, NULL),
('register-persons', 1, 'allow register persons', NULL, NULL, NULL, NULL),
('superUser', 1, 'access total backend & frontend', NULL, NULL, NULL, NULL),
('update-folders', 1, 'allow update folders', NULL, NULL, NULL, NULL),
('update-persons', 1, 'allow update persons', NULL, NULL, NULL, NULL),
('upload-files', 1, 'allow upload files', NULL, NULL, NULL, NULL);

-- --------------------------------------------------------

--
-- Estructura de tabla para la tabla `auth_item_child`
--

CREATE TABLE IF NOT EXISTS `auth_item_child` (
  `parent` varchar(64) COLLATE utf8_unicode_ci NOT NULL,
  `child` varchar(64) COLLATE utf8_unicode_ci NOT NULL,
  PRIMARY KEY (`parent`,`child`),
  KEY `child` (`child`)
) ENGINE=InnoDB DEFAULT CHARSET=utf8 COLLATE=utf8_unicode_ci;

--
-- Volcado de datos para la tabla `auth_item_child`
--

INSERT INTO `auth_item_child` (`parent`, `child`) VALUES
('superUser', 'access-rbac'),
('superUser', 'create-folders'),
('superUser', 'create-users'),
('adminUser', 'delete-persons'),
('superUser', 'delete-persons'),
('adminUser', 'download-files'),
('superUser', 'download-files'),
('adminUser', 'register-persons'),
('superUser', 'register-persons'),
('superUser', 'update-folders'),
('adminUser', 'update-persons'),
('superUser', 'update-persons'),
('adminUser', 'upload-files'),
('superUser', 'upload-files');

-- --------------------------------------------------------

--
-- Estructura de tabla para la tabla `auth_rule`
--

CREATE TABLE IF NOT EXISTS `auth_rule` (
  `name` varchar(64) COLLATE utf8_unicode_ci NOT NULL,
  `data` text COLLATE utf8_unicode_ci,
  `created_at` int(11) DEFAULT NULL,
  `updated_at` int(11) DEFAULT NULL,
  PRIMARY KEY (`name`)
) ENGINE=InnoDB DEFAULT CHARSET=utf8 COLLATE=utf8_unicode_ci;

--
-- Restricciones para tablas volcadas
--

--
-- Filtros para la tabla `auth_assignment`
--
ALTER TABLE `auth_assignment`
  ADD CONSTRAINT `auth_assignment_ibfk_2` FOREIGN KEY (`user_id`) REFERENCES `user` (`id`),
  ADD CONSTRAINT `auth_assignment_ibfk_1` FOREIGN KEY (`item_name`) REFERENCES `auth_item` (`name`) ON DELETE CASCADE ON UPDATE CASCADE;

--
-- Filtros para la tabla `auth_item`
--
ALTER TABLE `auth_item`
  ADD CONSTRAINT `auth_item_ibfk_1` FOREIGN KEY (`rule_name`) REFERENCES `auth_rule` (`name`) ON DELETE SET NULL ON UPDATE CASCADE;

--
-- Filtros para la tabla `auth_item_child`
--
ALTER TABLE `auth_item_child`
  ADD CONSTRAINT `auth_item_child_ibfk_1` FOREIGN KEY (`parent`) REFERENCES `auth_item` (`name`) ON DELETE CASCADE ON UPDATE CASCADE,
  ADD CONSTRAINT `auth_item_child_ibfk_2` FOREIGN KEY (`child`) REFERENCES `auth_item` (`name`) ON DELETE CASCADE ON UPDATE CASCADE;

/*!40101 SET CHARACTER_SET_CLIENT=@OLD_CHARACTER_SET_CLIENT */;
/*!40101 SET CHARACTER_SET_RESULTS=@OLD_CHARACTER_SET_RESULTS */;
/*!40101 SET COLLATION_CONNECTION=@OLD_COLLATION_CONNECTION */;
